{
  "last_build": "2025-08-29T10:17:08.570513",
  "file_timestamps": {
    "notes/Python/General/virtenv_jupyter_nb.ipynb": 1756421394.2854314,
    "notes/Python/General/.ipynb_checkpoints/virtenv_jupyter_nb-checkpoint.ipynb": 1756407835.0,
    "notes/Python/PythonforDataScience/4_Pandas4.ipynb": 1756421394.276021,
    "notes/Python/PythonforDataScience/2_Basics.ipynb": 1756418540.0,
    "notes/Python/PythonforDataScience/7_ML.ipynb": 1756418540.0,
    "notes/Python/PythonforDataScience/4_Pandas2.ipynb": 1756421394.2854154,
    "notes/Python/PythonforDataScience/4_Pandas5.ipynb": 1756439537.109376,
    "notes/Python/PythonforDataScience/4_Pandas5_backup.ipynb": 1756407835.0,
    "notes/Python/PythonforDataScience/7_ML_DT.ipynb": 1756421394.3005068,
    "notes/Python/PythonforDataScience/4_Pandas3.ipynb": 1756421394.2853887,
    "notes/Python/PythonforDataScience/7_ML_Clust.ipynb": 1756421394.3786776,
    "notes/Python/PythonforDataScience/5_Matplotlib.ipynb": 1756421394.3191848,
    "notes/Python/PythonforDataScience/3_Numpy.ipynb": 1756421394.2921073,
    "notes/Python/PythonforDataScience/7_ML_Reg.ipynb": 1756421394.300476,
    "notes/Python/PythonforDataScience/4_Pandas.ipynb": 1756421394.2935133,
    "notes/Python/PythonforDataScience/1_Introduction.ipynb": 1756418540.0,
    "notes/Python/PythonforDataScience/Week-7-MachineLearning/Weather Data Classification using Decision Trees.ipynb": 1756421394.3046136,
    "notes/Python/PythonforDataScience/Week-7-MachineLearning/European Soccer Regression Analysis using scikit-learn.ipynb": 1756421394.3001113,
    "notes/Python/PythonforDataScience/Week-7-MachineLearning/Weather Data Clustering using k-Means.ipynb": 1756421394.3121276,
    "notes/Python/IntroCompThinkDataSci/unit2/ps2.ipynb": 1756418540.0,
    "notes/Python/ProbabilityandStatistics/2_Sets.ipynb": 1756418540.0,
    "notes/Python/ProbabilityandStatistics/1_Introduction.ipynb": 1756418540.0,
    "docs/7_ML_DT.md": 1756426076.607707,
    "docs/1_Introduction.md": 1756424545.2319193,
    "docs/4_Pandas3.md": 1756446638.3181064,
    "docs/virtenv_jupyter_nb.md": 1756446638.318429,
    "docs/4_Pandas.md": 1756446638.3186526,
    "docs/4_Pandas2.md": 1756446638.3189476,
    "docs/ps2.md": 1756446638.3192122,
    "docs/European Soccer Regression Analysis using scikit-learn.md": 1756446638.3195205,
    "docs/2_Sets.md": 1756446638.3197334,
    "docs/5_Matplotlib.md": 1756446638.3201005,
    "docs/base.md": 1756424545.3941274,
    "docs/3_Numpy.md": 1756446638.3205066,
    "docs/Weather Data Classification using Decision Trees.md": 1756446638.3212245,
    "docs/virtenv_jupyter_nb-checkpoint.md": 1756446638.3213887,
    "docs/intro.md": 1756446638.3215075,
    "docs/7_ML.md": 1756424545.4466262,
    "docs/7_ML_Clust.md": 1756446638.322092,
    "docs/todo.md": 1756444434.2732658,
    "docs/2_Basics.md": 1756446638.3222928,
    "docs/Weather Data Clustering using k-Means.md": 1756446638.3228898,
    "docs/7_ML_Reg.md": 1756446638.3233745,
    "docs/4_Pandas5_backup.md": 1756446638.3236547,
    "docs/01_BatchConversions.md": 1756446638.323773,
    "docs/4_Pandas4.md": 1756446638.324246,
    "docs/Devops/base.md": 1756446638.3245573,
    "docs/Devops/roadmap_notes.md": 1756446638.3246841,
    "docs/Python/base.md": 1756446638.3252032,
    "docs/Python/IntroCompSciPython/unit7.md": 1756446638.3253608,
    "docs/Python/General/virtenv_jupyter_nb.md": 1756446638.325577,
    "docs/Python/General/ifnameismain.md": 1756446638.3256767,
    "docs/Python/PythonforDataScience/7_ML_DT.md": 1756446638.3261008,
    "docs/Python/PythonforDataScience/1_Introduction.md": 1756446638.3262453,
    "docs/Python/PythonforDataScience/4_Pandas3.md": 1756446638.326417,
    "docs/Python/PythonforDataScience/4_Pandas.md": 1756446638.326602,
    "docs/Python/PythonforDataScience/4_Pandas2.md": 1756446638.3267536,
    "docs/Python/PythonforDataScience/5_Matplotlib.md": 1756446638.326983,
    "docs/Python/PythonforDataScience/3_Numpy.md": 1756446638.3272004,
    "docs/Python/PythonforDataScience/7_ML.md": 1756446638.32736,
    "docs/Python/PythonforDataScience/7_ML_Clust.md": 1756446638.327777,
    "docs/Python/PythonforDataScience/2_Basics.md": 1756446638.3279936,
    "docs/Python/PythonforDataScience/7_ML_Reg.md": 1756446638.3283918,
    "docs/Python/PythonforDataScience/4_Pandas5.md": 1756446638.3286026,
    "docs/Python/PythonforDataScience/4_Pandas4.md": 1756446638.3289855,
    "docs/Python/PythonforDataScience/Week-7-MachineLearning/European Soccer Regression Analysis using scikit-learn.md": 1756446638.32948,
    "docs/Python/PythonforDataScience/Week-7-MachineLearning/Weather Data Classification using Decision Trees.md": 1756446638.330772,
    "docs/Python/PythonforDataScience/Week-7-MachineLearning/Weather Data Clustering using k-Means.md": 1756446638.3311026,
    "docs/Python/IntroCompThinkDataSci/unit2/ps2.md": 1756446638.3316338,
    "docs/Python/IntroCompThinkDataSci/unit2/unit2.md": 1756446638.3317604,
    "docs/Python/IntroCompThinkDataSci/unit2/plotting.md": 1756446638.3318846,
    "docs/Python/IntroCompThinkDataSci/unit5/unit5.md": 1756446638.3320568,
    "docs/Python/IntroCompThinkDataSci/unit4/unit4.md": 1756446685.071945,
    "docs/Python/IntroCompThinkDataSci/unit4/ps4.md": 1756446638.3323565,
    "docs/Python/IntroCompThinkDataSci/unit3/ps3.md": 1756446638.3330376,
    "docs/Python/IntroCompThinkDataSci/unit3/unit3.md": 1756446638.3332815,
    "docs/Python/IntroCompThinkDataSci/unit1/unit1.md": 1756446638.333645,
    "docs/Python/IntroCompThinkDataSci/unit1/problemset1.md": 1756446638.33382,
    "docs/Python/ProbabilityandStatistics/1_Introduction.md": 1756446638.3339832,
    "docs/Python/ProbabilityandStatistics/2_Sets.md": 1756446638.3342154,
    "docs/General/base.md": 1756446638.334386,
    "docs/General/webdev2019.md": 1756446638.3346379,
    "docs/General/CS50x2019/cppbasics.md": 1756446638.334882,
    "docs/General/CS50x2019/python.md": 1756446638.3349764,
    "docs/General/CS50x2019/webbasics.md": 1756446638.3351147,
    "docs/General/CS50x2019/database.md": 1756424545.374611,
    "docs/General/CS50x2019/flask.md": 1756446638.3353689,
    "docs/tutorial-basics/create-a-document.md": 1756424545.3806312,
    "docs/tutorial-basics/create-a-page.md": 1756446638.3357148,
    "docs/tutorial-basics/deploy-your-site.md": 1756446638.3359122,
    "docs/tutorial-basics/congratulations.md": 1756424545.3886268,
    "docs/tutorial-basics/create-a-blog-post.md": 1756424545.3911476,
    "docs/_templates/nav_python_datascience_notebook.md": 1756446638.336361,
    "docs/_templates/nav_python_probability_notebook.md": 1756446638.3366148,
    "docs/_templates/nav_python_portal.md": 1756446638.3368075,
    "docs/_templates/navigation.md": 1756446638.3369253,
    "docs/_templates/nav_utils.md": 1756446638.3370366,
    "docs/_templates/nav_general.md": 1756446638.3371449,
    "docs/_templates/nav_site_updates.md": 1756446638.3372571,
    "docs/_templates/nav_python_general_notebook.md": 1756446638.3373687,
    "docs/_templates/nav_python_datascience.md": 1756446638.3375201,
    "docs/project_ideas/indeed_cloud.md": 1756424545.444097,
    "docs/utils/base.md": 1756446638.3377833,
    "docs/6_2019/15_6_2019.md": 1756424545.4591546,
    "docs/5_2019/04_5_2019.md": 1756424545.46302,
    "docs/5_2019/25_5_2019.md": 1756431415.1185365,
    "docs/5_2019/11_5_2019.md": 1756446638.3380663,
    "docs/Github/intro_gh.md": 1756446638.338233,
    "docs/Github/bugs_gh.md": 1756446638.3383262,
    "docs/Linux/base.md": 1756446638.3385007,
    "docs/Linux/linux_journey/linux_journey_toc.md": 1756446638.3386168,
    "docs/Linux/linux_journey/basic/01_comlin.md": 1756446638.3388543,
    "docs/4_2019/20_4_2019.md": 1756424545.4933844,
    "docs/4_2019/13_4_2019.md": 1756424545.4961402,
    "docs/tutorial-extras/translate-your-site.md": 1756446638.3391345,
    "docs/tutorial-extras/manage-docs-versions.md": 1756424545.5019794,
    "docs/site_updates/base.md": 1756475864.390387,