{
  "last_build": "2025-08-29T00:06:53.942302",
  "file_timestamps": {
    "notes/Python/General/virtenv_jupyter_nb.ipynb": 1756421394.2854314,
    "notes/Python/General/.ipynb_checkpoints/virtenv_jupyter_nb-checkpoint.ipynb": 1756407835.0,
    "notes/Python/PythonforDataScience/4_Pandas4.ipynb": 1756421394.276021,
    "notes/Python/PythonforDataScience/2_Basics.ipynb": 1756418540.0,
    "notes/Python/PythonforDataScience/7_ML.ipynb": 1756418540.0,
    "notes/Python/PythonforDataScience/4_Pandas2.ipynb": 1756421394.2854154,
    "notes/Python/PythonforDataScience/4_Pandas5.ipynb": 1756439537.109376,
    "notes/Python/PythonforDataScience/4_Pandas5_backup.ipynb": 1756407835.0,
    "notes/Python/PythonforDataScience/7_ML_DT.ipynb": 1756421394.3005068,
    "notes/Python/PythonforDataScience/4_Pandas3.ipynb": 1756421394.2853887,
    "notes/Python/PythonforDataScience/7_ML_Clust.ipynb": 1756421394.3786776,
    "notes/Python/PythonforDataScience/5_Matplotlib.ipynb": 1756421394.3191848,
    "notes/Python/PythonforDataScience/3_Numpy.ipynb": 1756421394.2921073,
    "notes/Python/PythonforDataScience/7_ML_Reg.ipynb": 1756421394.300476,
    "notes/Python/PythonforDataScience/4_Pandas.ipynb": 1756421394.2935133,
    "notes/Python/PythonforDataScience/1_Introduction.ipynb": 1756418540.0,
    "notes/Python/PythonforDataScience/Week-7-MachineLearning/Weather Data Classification using Decision Trees.ipynb": 1756421394.3046136,
    "notes/Python/PythonforDataScience/Week-7-MachineLearning/European Soccer Regression Analysis using scikit-learn.ipynb": 1756421394.3001113,
    "notes/Python/PythonforDataScience/Week-7-MachineLearning/Weather Data Clustering using k-Means.ipynb": 1756421394.3121276,
    "notes/Python/IntroCompThinkDataSci/unit2/ps2.ipynb": 1756418540.0,
    "notes/Python/ProbabilityandStatistics/2_Sets.ipynb": 1756418540.0,
    "notes/Python/ProbabilityandStatistics/1_Introduction.ipynb": 1756418540.0,
    "docs/7_ML_DT.md": 1756426076.607707,
    "docs/1_Introduction.md": 1756424545.2319193,
    "docs/4_Pandas3.md": 1756425904.7767494,
    "docs/virtenv_jupyter_nb.md": 1756425904.777062,
    "docs/4_Pandas.md": 1756424545.2458475,
    "docs/4_Pandas2.md": 1756425904.777556,
    "docs/ps2.md": 1756425904.7780225,
    "docs/European Soccer Regression Analysis using scikit-learn.md": 1756424545.2545636,
    "docs/2_Sets.md": 1756426219.745744,
    "docs/5_Matplotlib.md": 1756425904.7797577,
    "docs/base.md": 1756424545.3941274,
    "docs/3_Numpy.md": 1756425968.2986639,
    "docs/Weather Data Classification using Decision Trees.md": 1756430799.2720902,
    "docs/virtenv_jupyter_nb-checkpoint.md": 1756425904.7826774,
    "docs/intro.md": 1756424545.4410567,
    "docs/7_ML.md": 1756424545.4466262,
    "docs/7_ML_Clust.md": 1756425904.7846298,
    "docs/todo.md": 1756425904.7849288,
    "docs/2_Basics.md": 1756426179.7406747,
    "docs/Weather Data Clustering using k-Means.md": 1756425904.7868078,
    "docs/7_ML_Reg.md": 1756425904.7873504,
    "docs/4_Pandas5_backup.md": 1756425904.7880232,
    "docs/01_BatchConversions.md": 1756424545.601039,
    "docs/4_Pandas4.md": 1756425904.7892954,
    "docs/Devops/base.md": 1756425904.7895184,
    "docs/Devops/roadmap_notes.md": 1756431238.0822577,
    "docs/Python/base.md": 1756425904.789916,
    "docs/Python/IntroCompSciPython/unit7.md": 1756425904.7900963,
    "docs/Python/General/virtenv_jupyter_nb.md": 1756425904.7903407,
    "docs/Python/General/ifnameismain.md": 1756425904.7905188,
    "docs/Python/PythonforDataScience/7_ML_DT.md": 1756425904.7912912,
    "docs/Python/PythonforDataScience/1_Introduction.md": 1756425904.7915127,
    "docs/Python/PythonforDataScience/4_Pandas3.md": 1756425904.7919674,
    "docs/Python/PythonforDataScience/4_Pandas.md": 1756425904.7925367,
    "docs/Python/PythonforDataScience/4_Pandas2.md": 1756425904.7930446,
    "docs/Python/PythonforDataScience/5_Matplotlib.md": 1756425904.793678,
    "docs/Python/PythonforDataScience/3_Numpy.md": 1756425968.3158436,
    "docs/Python/PythonforDataScience/7_ML.md": 1756425904.7943835,
    "docs/Python/PythonforDataScience/7_ML_Clust.md": 1756425904.7968135,
    "docs/Python/PythonforDataScience/2_Basics.md": 1756426027.78366,
    "docs/Python/PythonforDataScience/7_ML_Reg.md": 1756425904.7979183,
    "docs/Python/PythonforDataScience/4_Pandas5.md": 1756425904.7986479,
    "docs/Python/PythonforDataScience/4_Pandas4.md": 1756425904.8001022,
    "docs/Python/PythonforDataScience/Week-7-MachineLearning/European Soccer Regression Analysis using scikit-learn.md": 1756425904.8004615,
    "docs/Python/PythonforDataScience/Week-7-MachineLearning/Weather Data Classification using Decision Trees.md": 1756425904.8011248,
    "docs/Python/PythonforDataScience/Week-7-MachineLearning/Weather Data Clustering using k-Means.md": 1756426027.7883017,
    "docs/Python/IntroCompThinkDataSci/unit2/ps2.md": 1756425904.8021963,
    "docs/Python/IntroCompThinkDataSci/unit2/unit2.md": 1756425904.8024428,
    "docs/Python/IntroCompThinkDataSci/unit2/plotting.md": 1756425904.8026576,
    "docs/Python/IntroCompThinkDataSci/unit5/unit5.md": 1756425904.8028405,
    "docs/Python/IntroCompThinkDataSci/unit4/unit4.md": 1756431415.1294854,
    "docs/Python/IntroCompThinkDataSci/unit4/ps4.md": 1756425904.8031116,
    "docs/Python/IntroCompThinkDataSci/unit3/ps3.md": 1756425904.8035963,
    "docs/Python/IntroCompThinkDataSci/unit3/unit3.md": 1756425904.8039699,
    "docs/Python/IntroCompThinkDataSci/unit1/unit1.md": 1756425904.8044534,
    "docs/Python/IntroCompThinkDataSci/unit1/problemset1.md": 1756425904.8048248,
    "docs/Python/ProbabilityandStatistics/1_Introduction.md": 1756425904.8050768,
    "docs/Python/ProbabilityandStatistics/2_Sets.md": 1756425904.8056862,
    "docs/General/base.md": 1756425904.805993,
    "docs/General/webdev2019.md": 1756425904.8061824,
    "docs/General/CS50x2019/cppbasics.md": 1756425904.8065443,
    "docs/General/CS50x2019/python.md": 1756425904.8067472,
    "docs/General/CS50x2019/webbasics.md": 1756425904.8071861,
    "docs/General/CS50x2019/database.md": 1756424545.374611,
    "docs/General/CS50x2019/flask.md": 1756425904.807655,
    "docs/tutorial-basics/create-a-document.md": 1756424545.3806312,
    "docs/tutorial-basics/create-a-page.md": 1756425904.8079903,
    "docs/tutorial-basics/deploy-your-site.md": 1756424545.3861022,
    "docs/tutorial-basics/congratulations.md": 1756424545.3886268,
    "docs/tutorial-basics/create-a-blog-post.md": 1756424545.3911476,
    "docs/_templates/nav_python_datascience_notebook.md": 1756425904.8083227,
    "docs/_templates/nav_python_probability_notebook.md": 1756425904.808513,
    "docs/_templates/nav_python_portal.md": 1756425904.8087113,
    "docs/_templates/navigation.md": 1756425904.8089244,
    "docs/_templates/nav_utils.md": 1756425904.809464,
    "docs/_templates/nav_general.md": 1756425904.8097649,
    "docs/_templates/nav_site_updates.md": 1756425904.810027,
    "docs/_templates/nav_python_general_notebook.md": 1756425904.8102415,
    "docs/_templates/nav_python_datascience.md": 1756425904.810761,
    "docs/project_ideas/indeed_cloud.md": 1756424545.444097,
    "docs/utils/base.md": 1756425904.8109775,
    "docs/6_2019/15_6_2019.md": 1756424545.4591546,
    "docs/5_2019/04_5_2019.md": 1756424545.46302,
    "docs/5_2019/25_5_2019.md": 1756431415.1185365,
    "docs/5_2019/11_5_2019.md": 1756424545.4697502,
    "docs/Github/intro_gh.md": 1756425904.8113463,
    "docs/Github/bugs_gh.md": 1756425904.811574,
    "docs/Linux/base.md": 1756425904.811803,
    "docs/Linux/linux_journey/linux_journey_toc.md": 1756425904.812068,
    "docs/Linux/linux_journey/basic/01_comlin.md": 1756425904.812395,
    "docs/4_2019/20_4_2019.md": 1756424545.4933844,
    "docs/4_2019/13_4_2019.md": 1756424545.4961402,
    "docs/tutorial-extras/translate-your-site.md": 1756424545.4988892,
    "docs/tutorial-extras/manage-docs-versions.md": 1756424545.5019794,
    "docs/site_updates/base.md": 1756425904.8128972,